especie,titulo,autores,ano,veiculo,doi_ou_link,acesso,licenca,uso_sugerido,observacao
varias,Rewilding the Atlantic Forest: Restoring the fauna and ecological interactions of a protected area,"Fernandez FAS, Rheingantz ML, Genes L, Kenup CF, Galliez M, Cezimbra T, Cid B, Macedo L, Araujo BBA, Moraes BS, Monjeau A, Pires AS",2017,Perspectives in Ecology and Conservation 15(4):308-314,https://doi.org/10.1016/j.pecon.2017.09.004,aberto,CC BY-NC-ND (cópia no repositório CONICET),RAG e treino; citar,Visão geral do Refauna entre 2010 e 2017. Prioridade 1.
cutia,"Short-term success in the reintroduction of the red-humped agouti Dasyprocta leporina, an important seed disperser, in a Brazilian Atlantic Forest reserve","Cid B, Figueira L, Mello AFT, Pires AS, Fernandez FAS",2014,Tropical Conservation Science 7(4):796-810,https://doi.org/10.1177/194008291400700415,aberto,verificar (periódico de acesso aberto),RAG e treino; citar,"21 cutias, 11 soltas, 10 filhotes observados."
cutia,"Walking on their own legs: unassisted population growth of the agouti Dasyprocta leporina, reintroduced to restore seed dispersal in an Atlantic Forest reserve","Kenup CF, Sepulvida R, Kreischer C, Fernandez FAS",2018,Oryx 52(3):571-578,https://doi.org/10.1017/S0030605316001149,verificar,verificar,RAG; treino só se a licença permitir,Material suplementar e código no Zenodo (registro 61002).
cutia,Agouti reintroduction recovers seed dispersal of a large-seeded tropical tree,"Mittelman P, Kreischer C, Pires AS, Fernandez FAS",2020,Biotropica (artigo); dados no Dryad,https://doi.org/10.5061/dryad.djh9w0vwq,dados abertos; artigo verificar,dados: termos do Dryad; artigo: verificar,RAG; treino só se a licença permitir,DOI acima é o do conjunto de dados. Falta localizar o DOI do artigo.
cutia,Os frutos que as cutias comiam: recrutamento da palmeira Astrocaryum aculeatissimum na ausência de seu principal dispersor de sementes,Zucaratto R (orientação: Pires A),2013,"Dissertação de mestrado, PPGCAF/UFRRJ",https://rima.ufrrj.br/jspui/handle/20.500.14407/11339,aberto,todos os direitos reservados,RAG local; não publicar no dataset,Em português. Acesso aberto não é licença aberta.
bugio,Effects of howler monkey reintroduction on ecological interactions and processes,Genes L et al.,2019,Conservation Biology 33(1),https://doi.org/10.1111/cobi.13188,verificar,verificar,RAG; treino só se a licença permitir,Prioridade 1 para o bugio. Conferir autores completos.
bugio,Indirect restoration of ecological interactions: reintroduction of a dung-beetle associated primate increases the recruitment of large seeds,verificar,2021,bioRxiv (preprint),https://doi.org/10.1101/2021.01.20.427460,aberto (preprint),verificar na página do bioRxiv,RAG; preferir a versão publicada,Pode ser a versão prévia do artigo de 2022 na Biological Conservation citado pela Pesquisa FAPESP.
conceitual,Credit of ecological interactions: A new conceptual framework to support conservation in a defaunated world,Genes L et al.,2017,Ecology and Evolution,https://pmc.ncbi.nlm.nih.gov/articles/PMC5355187/,aberto,provável CC BY (verificar),RAG e treino; citar,Conceito de crédito de interações. Bom para perguntas técnicas.
conceitual,Estimating interaction credit for trophic rewilding in tropical forests,"Marjakangas E-L et al. (inclui Genes L, Pires AS, Fernandez FAS)",2018,Philosophical Transactions of the Royal Society B,https://pmc.ncbi.nlm.nih.gov/articles/PMC6231069/,aberto (no PMC),verificar,RAG; treino só se a licença permitir,Conferir lista completa de autores.
anta,Reintroduced tapirs Tapirus terrestris recover their natural activity patterns,"Agles M, Macedo JS, Galliez M",2026,Oryx 59(6),https://doi.org/10.1017/S0030605325102494,aberto,CC BY 4.0,RAG e treino; citar,14 antas soltas na REGUA entre 2017 e 2021. Única fonte encontrada sobre a anta.
jabuti,"Alien X herbívoro: regulação populacional da comigo-ninguém-pode Dieffenbachia seguinae (Araceae) por jabutis (Chelonoidis denticulatus) reintroduzidos no Parque Nacional da Tijuca, RJ","Coutinho ES, Braga D, Pires A",verificar,Resumo em anais de evento (Even3),https://static.even3.com/anais/1324535.pdf,aberto,verificar,RAG local,Resultados preliminares. Única fonte encontrada sobre o jabuti.
divulgacao,Em liberdade,Andrade RO,2015,"Revista Pesquisa FAPESP, ed. 229",https://revistapesquisa.fapesp.br/em-liberdade/,aberto,CC BY-NC-ND 4.0,RAG; bom para o modo público,Reportagem em português sobre as cutias.
divulgacao,Estratégias ecológicas buscam a recomposição da fauna e tentam reverter extinções,Guimarães M,2025,"Revista Pesquisa FAPESP, ed. 356",https://revistapesquisa.fapesp.br/estrategias-ecologicas-buscam-a-recomposicao-da-fauna-e-tentam-reverter-extincoes/,aberto,CC BY-NC-ND 4.0,RAG; bom para o modo público,"Dados mais recentes sobre bugios, jabutis e araras-canindé."
varias,Site do Refauna: páginas inicial e de projetos,Refauna,2026,refauna.org.br,https://refauna.org.br/projetos/,aberto,material do próprio Refauna,RAG e treino,Alguns números estão desatualizados; ver docs/diario.md.
