arquivo,titulo,autores,ano,especie,tipo,idioma,acesso,fonte,observacao
publico/refauna_site_inicio.html,Refauna: página inicial,Refauna,2026,varias,site,pt,publico,https://refauna.org.br/,Salvar a página como HTML (Ctrl+S) ou copiar o texto para um .md.
publico/refauna_site_projetos.html,Refauna: projetos de reintrodução,Refauna,2026,varias,site,pt,publico,https://refauna.org.br/projetos/,Alguns números estão desatualizados; ver docs/diario.md.
publico/agles_2026_antas_atividade.pdf,Reintroduced tapirs Tapirus terrestris recover their natural activity patterns,Agles M; Macedo JS; Galliez M,2026,anta,artigo,en,publico,https://doi.org/10.1017/S0030605325102494,CC BY 4.0 confirmada.
publico/oklander_2024_bugio_estrategia.pdf,Restoration of Alouatta guariba populations: building a binational management strategy for the conservation of the endangered brown howler monkey of the Atlantic Forest,Oklander LI; Rheingantz M; Rossato RS; et al.,2024,bugio,artigo,en,publico,https://doi.org/10.3389/fcosc.2024.1401749,"Frontiers publica em CC BY. Contexto: cita a Tijuca, não é sobre o Refauna."
interno/fernandez_2017_rewilding.pdf,Rewilding the Atlantic Forest: Restoring the fauna and ecological interactions of a protected area,Fernandez FAS; Rheingantz ML; Genes L; Kenup CF; Galliez M; et al.,2017,varias,artigo,en,interno,https://doi.org/10.1016/j.pecon.2017.09.004,"CC BY-NC-ND: pode ir ao RAG; para o treino publicado, confirmar com os autores. Prioridade 1."
interno/cid_2014_cutias_reintroducao.pdf,"Short-term success in the reintroduction of the red-humped agouti Dasyprocta leporina, an important seed disperser, in a Brazilian Atlantic Forest reserve",Cid B; Figueira L; Mello AFT; Pires AS; Fernandez FAS,2014,cutia,artigo,en,interno,https://doi.org/10.1177/194008291400700415,Licença a confirmar; mover para publico se for CC BY.
interno/kenup_2018_cutias_populacao.pdf,"Walking on their own legs: unassisted population growth of the agouti Dasyprocta leporina, reintroduced to restore seed dispersal in an Atlantic Forest reserve",Kenup CF; Sepulvida R; Kreischer C; Fernandez FAS,2018,cutia,artigo,en,interno,https://doi.org/10.1017/S0030605316001149,"Acesso a confirmar; se não abrir, pedir o PDF aos autores."
interno/mittelman_2020_cutias_joannesia.pdf,Agouti reintroduction recovers seed dispersal of a large-seeded tropical tree,Mittelman P; Kreischer C; Pires AS; Fernandez FAS,2020,cutia,artigo,en,interno,https://doi.org/10.5061/dryad.djh9w0vwq,Link é o dos dados no Dryad; o artigo saiu na Biotropica. Acesso a confirmar.
interno/zucaratto_2013_dissertacao_cutias.pdf,Os frutos que as cutias comiam: recrutamento da palmeira Astrocaryum aculeatissimum na ausência de seu principal dispersor de sementes,Zucaratto R,2013,cutia,dissertacao,pt,interno,https://rima.ufrrj.br/jspui/bitstream/20.500.14407/11339/3/2013%20-%20Rodrigo%20Zucaratto.pdf,"Acesso aberto, mas todos os direitos reservados: só RAG local."
interno/genes_2019_bugio_interacoes.pdf,Effects of howler monkey reintroduction on ecological interactions and processes,Genes L; Fernandez FAS; Vaz-de-Mello FZ; da Rosa P; Fernandez E; et al.,2019,bugio,artigo,en,interno,https://doi.org/10.1111/cobi.13188,Acesso a confirmar. Prioridade 1 para o bugio.
interno/genes_2021_bugio_besouros_preprint.pdf,Indirect restoration of ecological interactions: reintroduction of a dung-beetle associated primate increases the recruitment of large seeds,a confirmar,2021,bugio,preprint,en,interno,https://doi.org/10.1101/2021.01.20.427460,Preprint do bioRxiv; conferir autores e licença na página.
interno/cezimbra_2021_bugio_iucn.pdf,"Reintroduction of the brown howler monkey to Tijuca National Park, Rio de Janeiro, Brazil",Cezimbra T; Genes L; Landim A; Moraes B; Fernandez FAS; Pires AS; et al.,2021,bugio,capitulo,en,interno,,Capítulo do Global Conservation Translocation Perspectives 2021 (IUCN). Procurar o PDF no site da IUCN.
interno/mittelman_2022_rede_dispersao.pdf,Trophic rewilding benefits a tropical community through direct and indirect network effects,Mittelman P; Landim AR; Genes L; Assis APA; Starling-Manne C; et al.,2022,varias,artigo,en,interno,https://doi.org/10.1111/ecog.05838,Licença a confirmar; mover para publico se for CC BY.
interno/querino_2026_jabuti_besouros.pdf,First record of yellow-footed tortoise (Chelonoidis denticulatus) feces attracting dung beetles,Querino T; Bordin BR; Starling-Manne C; Vaz-de-Mello FZ; Genes L; et al.,2026,jabuti,artigo,en,interno,,Biotropica 58(3):e70216. Thales Querino é da equipe: pedir o PDF.
interno/coutinho_jabuti_dieffenbachia.pdf,"Alien X herbívoro: regulação populacional da comigo-ninguém-pode Dieffenbachia seguinae (Araceae) por jabutis (Chelonoidis denticulatus) reintroduzidos no Parque Nacional da Tijuca, RJ",Coutinho ES; Braga D; Pires A,,jabuti,resumo,pt,interno,https://static.even3.com/anais/1324535.pdf,Resumo de evento; ano a confirmar.
interno/genes_2017_credito_interacoes.pdf,Credit of ecological interactions: A new conceptual framework to support conservation in a defaunated world,Genes L; Cid B; Fernandez FAS; Pires AS,2017,varias,artigo,en,interno,https://pmc.ncbi.nlm.nih.gov/articles/PMC5355187/,Licença a confirmar; mover para publico se for CC BY. Contexto conceitual.
interno/marjakangas_2018_credito_rewilding.pdf,Estimating interaction credit for trophic rewilding in tropical forests,Marjakangas E-L; Genes L; Pires MM; Fernandez FAS; et al.,2018,varias,artigo,en,interno,https://pmc.ncbi.nlm.nih.gov/articles/PMC6231069/,Licença a confirmar; mover para publico se for CC BY. Contexto conceitual.
interno/fapesp_2015_em_liberdade.html,Em liberdade,Andrade RO,2015,cutia,reportagem,pt,interno,https://revistapesquisa.fapesp.br/em-liberdade/,CC BY-NC-ND 4.0. Bom para o modo público.
interno/fapesp_2025_estrategias_refaunacao.html,Estratégias ecológicas buscam a recomposição da fauna e tentam reverter extinções,Guimarães M,2025,varias,reportagem,pt,interno,https://revistapesquisa.fapesp.br/estrategias-ecologicas-buscam-a-recomposicao-da-fauna-e-tentam-reverter-extincoes/,CC BY-NC-ND 4.0. Dados mais recentes sobre bugios e jabutis.
